{
  "x_column_types": {
    "numeric": [
      1, 2, 3, 4, 5, 6, 7, 16, 25, 26, 29, 41, 50, 51, 54, 66, 75, 76, 79, 90, 95
    ],
    "categorical": [
      8, 9, 10, 11, 12, 13, 14, 15, 17, 18, 19, 20, 21, 22, 23, 24, 27, 28, 30, 31, 32, 33, 34, 35, 36, 37, 38, 39, 40, 42, 43, 44, 45, 46, 47, 48, 49, 52, 53, 55, 56, 57, 58, 59, 60, 61, 62, 63, 64, 65, 67, 68, 69, 70, 71, 72, 73, 74, 77, 78, 80, 81, 82, 83, 84, 85, 86, 87, 88, 89, 91, 92, 93, 94, 96, 97, 98, 99, 100
    ]
  },
  "x_column_names": [
    "Channels3_pFw",
    "Channels3_pFw_1",
    "Channels3_pFw_2",
    "Channels3_pFw_3",
    "Channels3_pFw_4",
    "Channels3_pFw_5",
    "ITERATIONS",
    "Station_1_cRcvInt",
    "Station_1_currentlySending",
    "Station_1_errmode",
    "Station_1_errmode_1",
    "Station_1_has_token",
    "Station_1_id",
    "Station_1_initToken",
    "Station_1_is_offline",
    "Station_1_itd",
    "Station_1_prec",
    "Station_1_rcvAck",
    "Station_1_rcvAck_1",
    "Station_1_rcvTokenFrom",
    "Station_1_rcvTokenFrom_1",
    "Station_1_receivedIntToken",
    "Station_1_receivedIntToken_1",
    "Station_1_receives",
    "Station_1_retries",
    "Station_1_retries_1",
    "Station_1_ring",
    "Station_1_safe",
    "Station_1_stationClock",
    "Station_1_succ",
    "Station_1_txError",
    "Station_1_txError_1",
    "Station_2_cRcvInt",
    "Station_2_currentlySending",
    "Station_2_errmode",
    "Station_2_errmode_1",
    "Station_2_has_token",
    "Station_2_id",
    "Station_2_initToken",
    "Station_2_is_offline",
    "Station_2_itd",
    "Station_2_prec",
    "Station_2_rcvAck",
    "Station_2_rcvAck_1",
    "Station_2_rcvTokenFrom",
    "Station_2_rcvTokenFrom_1",
    "Station_2_receivedIntToken",
    "Station_2_receivedIntToken_1",
    "Station_2_receives",
    "Station_2_retries",
    "Station_2_retries_1",
    "Station_2_ring",
    "Station_2_safe",
    "Station_2_stationClock",
    "Station_2_succ",
    "Station_2_txError",
    "Station_2_txError_1",
    "Station_cRcvInt",
    "Station_currentlySending",
    "Station_errmode",
    "Station_errmode_1",
    "Station_has_token",
    "Station_id",
    "Station_initToken",
    "Station_is_offline",
    "Station_itd",
    "Station_prec",
    "Station_rcvAck",
    "Station_rcvAck_1",
    "Station_rcvTokenFrom",
    "Station_rcvTokenFrom_1",
    "Station_receivedIntToken",
    "Station_receivedIntToken_1",
    "Station_receives",
    "Station_retries",
    "Station_retries_1",
    "Station_ring",
    "Station_safe",
    "Station_stationClock",
    "Station_succ",
    "Station_txError",
    "Station_txError_1",
    "_loc_Channels3",
    "_loc_GlobalSync",
    "_loc_Station",
    "_loc_Station_1",
    "_loc_Station_2",
    "_loc_Uplinks3",
    "c",
    "deliverClock",
    "failed",
    "is_offline_1",
    "is_offline_2",
    "is_offline_3",
    "iter",
    "msg_content",
    "msg_receiver",
    "msg_ring",
    "msg_sender",
    "msg_type"      
  ],
  "x_category_names": {
  }
}

