{
  "x_column_types": {
    "numeric": [
    ],
    "categorical": [
      0, 1, 2, 3, 4, 5, 6, 7, 8, 9, 10, 11, 12, 13, 14, 15, 16, 17, 18, 19, 20, 21, 22
    ]
  },
  "x_column_names": [
    "_loc_aut",
    "var0",
    "var1",
    "var10",
    "var11",
    "var12",
    "var13",
    "var14",
    "var15",
    "var16",
    "var17",
    "var18",
    "var19",
    "var2",
    "var20",
    "var21",
    "var3",
    "var4",
    "var5",
    "var6",
    "var7",
    "var8",
    "var9"
  ],
  "x_category_names": {
  }
}

