{
  "x_column_types": {
    "numeric": [
    ],
    "categorical": [
      0, 1, 2, 3, 4, 5, 6, 7, 8, 9, 10, 11, 12, 13, 14, 15, 16, 17, 18, 19, 20, 21, 22
    ]
  },
  "x_column_names": [
    "_loc_aut": 0,
    "var0": 1,
    "var1": 0,
    "var10": 1,
    "var11": 1,
    "var12": 0,
    "var13": 1,
    "var14": 1,
    "var15": 1,
    "var16": 0,
    "var17": 1,
    "var18": 0,
    "var19": 1,
    "var2": 1,
    "var20": 0,
    "var21": 1,
    "var3": 1,
    "var4": 1,
    "var5": 1,
    "var6": 1,
    "var7": 1,
    "var8": 1,
    "var9": 1
  ],
  "x_category_names": {
  }
}

